{"(False, True, False, False, False)": {"up": -59.669194498056285, "down": -43.80670365140876, "left": -31.38098402278421, "right": -50.5822399447122}, "(True, True, False, False, False)": {"up": -150.3409892253074, "down": -151.13231250916402, "left": -150.28204777483927, "right": -149.93609173558255}, "(True, True, True, False, False)": {"up": 0, "down": 0, "left": 0, "right": 0}, "(True, False, False, False, False)": {"up": -28.030954664806305, "down": -77.1020519086598, "left": -43.96531131514645, "right": -38.964584823129556}, "(False, False, False, False, False)": {"up": -102.87588305130487, "down": -101.75110249069564, "left": -101.87984983857432, "right": -94.48004838148142}, "(False, False, True, False, False)": {"up": 0, "down": 0, "left": 0, "right": 0}, "(True, False, True, False, False)": {"up": 0, "down": 0, "left": 0, "right": 0}, "(False, True, True, False, False)": {"up": 0, "down": 0, "left": 0, "right": 0}, "(False, True, False, True, False)": {"up": -10.637791660951423, "down": -23.525972687831324, "left": -11.313013936089664, "right": -3.2890952182211324}, "(False, True, False, False, True)": {"up": -3.2890952182211324, "down": -24.06127486061999, "left": -10.336861680336588, "right": 0}, "(False, False, False, True, False)": {"up": -3.269095218221132, "down": -0.52, "left": 0, "right": 0}, "(True, False, False, True, False)": {"up": -14.83647613814746, "down": -0.52, "left": 0, "right": -30.996144485684173}, "(True, False, False, False, True)": {"up": -15.575795270297077, "down": 0, "left": 0, "right": -16.39711134939281}}